experiment,algorithm,seed,independentVariable,submittedTasks,completedTasks,deadlineMetTasks,totalCost,dsr,act,cue,avgActiveVms,creditStarvationEvents,fallbackActiveVmSlots,runtimeMs
active_vm_count,BADP,10000,250.0,250,250,250,0.5568533333333328,100.0,2.528,72.62590596543393,1.4708333333333334,0.0,345.0,0.004016233766233767
active_vm_count,BADP,10001,250.0,250,250,250,0.5607999999999995,100.0,4.532,72.8278915329275,1.5,1.0,344.0,0.0018318181818181816
active_vm_count,BADP,10002,250.0,250,250,250,0.5768,100.0,4.428,72.8278915329275,1.5416666666666667,0.0,354.0,0.0017593103448275862
active_vm_count,BADP_PLUS,10000,250.0,250,250,250,0.5556799999999994,100.0,2.62,72.52378287632904,1.4583333333333333,0.0,346.0,0.009022077922077923
active_vm_count,BADP_PLUS,10001,250.0,250,250,250,0.5595733333333329,100.0,4.896,77.81447012909035,1.4708333333333334,0.0,348.0,0.010958333333333332
active_vm_count,BADP_PLUS,10002,250.0,250,250,250,0.5739733333333333,100.0,4.652,77.81447012909035,1.5083333333333333,0.0,357.0,0.012177241379310345
active_vm_count,CEMA,10000,250.0,250,151,76,0.37980666666666885,30.4,39.794701986754966,99.73893644289036,7.095833333333333,1681.0,16.0,0.005763636363636363
active_vm_count,CEMA,10001,250.0,250,160,109,0.3849466666666675,43.6,27.55,99.7278934001781,6.145833333333333,1424.0,47.0,0.002790909090909091
active_vm_count,CEMA,10002,250.0,250,171,84,0.4178600000000046,33.6,45.67251461988304,99.75293113516912,7.495833333333334,1790.0,1.0,0.0028820689655172415
active_vm_count,HPA,10000,250.0,250,151,82,0.39286000000000276,32.8,37.88079470198676,99.74312269394237,7.45,1758.0,13.0,0.006062337662337662
active_vm_count,HPA,10001,250.0,250,166,109,0.403160000000001,43.6,28.216867469879517,99.73411969447936,6.720833333333333,1562.0,43.0,0.004347727272727272
active_vm_count,HPA,10002,250.0,250,175,96,0.44096000000000535,38.4,40.94857142857143,99.75809289232934,7.9,1879.0,0.0,0.0023462068965517243
burst_sensitivity,AMRP,10000,0.5,250,152,73,0.5520933333333435,29.2,42.796052631578945,99.71443706855166,10.008333333333333,2368.0,5.0,0.003848872180451128
burst_sensitivity,AMRP,10001,0.5,250,166,101,0.5265200000000071,40.4,37.993975903614455,80.99692419033833,8.816666666666666,2057.0,7.0,0.011737226277372264
burst_sensitivity,AMRP,10002,0.5,250,168,98,0.5356133333333403,39.2,35.845238095238095,99.70724586534915,8.820833333333333,2058.0,9.0,0.010086363636363636
burst_sensitivity,BADP,10000,0.5,250,230,230,0.6313600000000017,92.0,2.9347826086956523,72.60044642857143,1.6625,4.0,392.0,0.005323308270676692
burst_sensitivity,BADP,10001,0.5,250,235,235,0.6361600000000017,94.0,3.106382978723404,77.84772182254196,1.675,2.0,395.0,0.004634306569343066
burst_sensitivity,BADP,10002,0.5,250,235,235,0.6268266666666681,94.0,2.927659574468085,83.9810528582194,1.6625,5.0,387.0,0.0047030303030303035
burst_sensitivity,BADP_PLUS,10000,0.5,250,231,231,0.6340800000000018,92.4,2.965367965367965,72.52378287632904,1.6625,0.0,395.0,0.0224390977443609
burst_sensitivity,BADP_PLUS,10001,0.5,250,235,235,0.6363733333333351,94.0,3.157446808510638,77.81447012909035,1.6708333333333334,0.0,396.0,0.02094963503649635
burst_sensitivity,BADP_PLUS,10002,0.5,250,235,235,0.6267733333333347,94.0,2.8,77.81447012909035,1.6458333333333333,0.0,390.0,0.012657575757575758
burst_sensitivity,CEMA,10000,0.5,250,157,79,0.476280000000005,31.6,44.63057324840764,99.72370706182195,8.175,1931.0,25.0,0.003482706766917293
burst_sensitivity,CEMA,10001,0.5,250,165,84,0.4825600000000064,33.6,40.92121212121212,99.7245457816154,8.275,1951.0,26.0,0.009334306569343065
burst_sensitivity,CEMA,10002,0.5,250,163,82,0.4762933333333389,32.8,40.147239263803684,99.7098114283387,8.1,1903.0,34.0,0.009590909090909091
burst_sensitivity,AMRP,10000,1.1,250,173,105,0.6165466666666746,42.0,32.84393063583815,99.74657094979003,8.970833333333333,2110.0,26.0,0.003606206896551724
burst_sensitivity,AMRP,10001,1.1,250,191,131,0.6584933333333436,52.4,33.12041884816754,99.7452217911355,9.395833333333334,2235.0,0.0,0.007054482758620689
burst_sensitivity,AMRP,10002,1.1,250,190,126,0.6389066666666773,50.4,32.963157894736845,86.9959156558325,9.416666666666666,2185.0,0.0,0.006877707006369427
burst_sensitivity,BADP,10000,1.1,250,244,244,0.7177600000000041,97.6,5.213114754098361,72.60044642857143,1.8875,0.0,446.0,0.004695862068965517
burst_sensitivity,BADP,10001,1.1,250,246,246,0.7193600000000041,98.4,4.760162601626016,72.60044642857143,1.8916666666666666,0.0,447.0,0.004184827586206897
burst_sensitivity,BADP,10002,1.1,250,249,249,0.6735200000000028,99.6,3.6586345381526106,60.53832541678308,1.7666666666666666,0.0,419.0,0.0035312101910828027
burst_sensitivity,BADP_PLUS,10000,1.1,250,244,244,0.717280000000004,97.6,5.262295081967213,72.52378287632904,1.8791666666666667,0.0,447.0,0.02115448275862069
burst_sensitivity,BADP_PLUS,10001,1.1,250,246,246,0.7188800000000041,98.4,4.735772357723577,72.52378287632904,1.8833333333333333,0.0,448.0,0.14768275862068966
burst_sensitivity,BADP_PLUS,10002,1.1,250,249,249,0.6737333333333362,99.6,3.678714859437751,60.46468228048894,1.7625,0.0,420.0,0.018382165605095542
burst_sensitivity,CEMA,10000,1.1,250,175,107,0.5880200000000079,42.8,33.02857142857143,99.7612950826787,8.333333333333334,1914.0,82.0,0.0024882758620689656
burst_sensitivity,CEMA,10001,1.1,250,180,81,0.5941666666666766,32.4,42.57222222222222,99.76593420623324,8.379166666666666,1939.0,71.0,0.005351034482758621
burst_sensitivity,CEMA,10002,1.1,250,177,66,0.5735733333333424,26.4,42.29943502824859,99.76899815198522,8.5875,2008.0,48.0,0.002167515923566879
cost_comparison,AMRP,10000,100.0,100,44,11,0.19694666666666677,11.0,62.31818181818182,99.6817066732913,5.883333333333334,1404.0,1.0,0.04917042253521126
cost_comparison,AMRP,10001,100.0,100,44,17,0.20478666666666667,17.0,58.43181818181818,99.69668002500092,5.891666666666667,1404.0,2.0,0.02940806451612903
cost_comparison,AMRP,10002,100.0,100,50,15,0.2207333333333333,15.0,57.2,99.68790914350089,6.083333333333333,1451.0,2.0,0.015364285714285712
cost_comparison,BADP,10000,100.0,100,93,93,0.2529333333333327,93.0,2.043010752688172,60.46468228048894,0.6666666666666666,0.0,157.0,0.333756338028169
cost_comparison,BADP,10001,100.0,100,90,90,0.2817333333333325,90.0,2.566666666666667,60.46468228048894,0.7416666666666667,0.0,175.0,0.02233709677419355
cost_comparison,BADP,10002,100.0,100,96,96,0.3048266666666657,96.0,2.4479166666666665,60.501538174699355,0.8041666666666667,1.0,189.0,0.01539857142857143
cost_comparison,BADP_PLUS,10000,100.0,100,93,93,0.2529333333333327,93.0,2.043010752688172,60.46468228048894,0.6666666666666666,0.0,157.0,0.43086338028169013
cost_comparison,BADP_PLUS,10001,100.0,100,90,90,0.2817333333333325,90.0,2.566666666666667,60.46468228048894,0.7416666666666667,0.0,175.0,0.025951612903225806
cost_comparison,BADP_PLUS,10002,100.0,100,96,96,0.30573333333333236,96.0,2.4375,60.46468228048894,0.8041666666666667,0.0,190.0,0.02902
cost_comparison,CDASCALER,10000,100.0,100,41,9,0.19465333333333334,9.0,63.41463414634146,54.394561201092436,5.85,1397.0,0.0,0.16005774647887325
cost_comparison,CDASCALER,10001,100.0,100,46,22,0.21016000000000018,22.0,55.91304347826087,99.69839877166045,6.004166666666666,1427.0,2.0,0.1293806451612903
cost_comparison,CDASCALER,10002,100.0,100,50,16,0.2207333333333333,16.0,55.58,32.66374021050531,6.083333333333333,1451.0,2.0,0.017208571428571427
cost_comparison,CEDULE,10000,100.0,100,93,93,0.2303999999999995,93.0,2.827956989247312,0.0,0.6,0.0,144.0,0.2690295774647887
cost_comparison,CEDULE,10001,100.0,100,90,90,0.25759999999999933,90.0,4.122222222222222,0.0,0.6708333333333333,0.0,161.0,0.029127419354838712
cost_comparison,CEDULE,10002,100.0,100,96,96,0.27199999999999924,96.0,3.7604166666666665,0.0,0.7083333333333334,0.0,170.0,0.019875714285714285
cost_comparison,CEMA,10000,100.0,100,41,13,0.1779199999999996,13.0,61.048780487804876,99.68778383287919,5.329166666666667,1275.0,2.0,0.46236197183098593
cost_comparison,CEMA,10001,100.0,100,39,15,0.18450666666666612,15.0,50.38461538461539,99.69001277523108,5.354166666666667,1280.0,2.0,0.0652741935483871
cost_comparison,CEMA,10002,100.0,100,48,18,0.19230666666666607,18.0,54.9375,99.69261149819293,5.379166666666666,1286.0,2.0,0.011845714285714286
cost_comparison,EDF,10000,100.0,100,89,85,0.26935999999999927,85.0,5.314606741573034,84.87611837577425,1.9375,350.0,65.0,0.25482253521126763
cost_comparison,EDF,10001,100.0,100,87,85,0.2969799999999992,85.0,4.896551724137931,84.41581466816382,1.6875,267.0,99.0,0.01609193548387097
cost_comparison,EDF,10002,100.0,100,94,92,0.3279666666666654,92.0,5.297872340425532,84.9723609976635,2.0166666666666666,340.0,98.0,0.012447142857142856
cost_comparison,HPA,10000,100.0,100,43,10,0.1960400000000001,10.0,63.74418604651163,99.6725211858743,5.883333333333334,1405.0,0.0,0.193243661971831
cost_comparison,HPA,10001,100.0,100,44,17,0.20478666666666667,17.0,58.43181818181818,99.69668002500092,5.891666666666667,1404.0,2.0,0.018669354838709677
cost_comparison,HPA,10002,100.0,100,50,15,0.2207333333333333,15.0,57.2,75.76890143713406,6.083333333333333,1451.0,2.0,0.01616142857142857
cost_comparison,AMRP,10000,300.0,300,204,136,0.6384266666666767,45.333333333333336,34.98529411764706,79.92568433536736,9.75,2262.0,1.0,0.013828947368421052
cost_comparison,AMRP,10001,300.0,300,203,137,0.7166000000000137,45.666666666666664,33.80788177339902,99.70664436001998,10.220833333333333,2374.0,1.0,0.007037162162162163
cost_comparison,AMRP,10002,300.0,300,224,151,0.7026000000000108,50.333333333333336,32.15625,99.72954548822597,9.904166666666667,2299.0,2.0,0.016124516129032256
cost_comparison,BADP,10000,300.0,300,278,278,0.6871466666666699,92.66666666666667,3.302158273381295,72.65131823245451,1.8125,1.0,426.0,0.023695394736842106
cost_comparison,BADP,10001,300.0,300,280,280,0.7794666666666725,93.33333333333333,3.664285714285714,72.57493948985291,2.0458333333333334,1.0,485.0,0.009483108108108108
cost_comparison,BADP,10002,300.0,300,289,289,0.7105866666666706,96.33333333333333,4.411764705882353,60.7212385278576,1.875,3.0,440.0,0.015068387096774194
cost_comparison,BADP_PLUS,10000,300.0,300,278,278,0.6859733333333365,92.66666666666667,3.327338129496403,77.81447012909035,1.8,0.0,427.0,0.043269736842105264
cost_comparison,BADP_PLUS,10001,300.0,300,280,280,0.7780800000000058,93.33333333333333,3.6607142857142856,72.52378287632904,2.0375,0.0,485.0,0.03350337837837838
cost_comparison,BADP_PLUS,10002,300.0,300,289,289,0.7057333333333371,96.33333333333333,4.557093425605537,60.46468228048894,1.8458333333333334,0.0,440.0,0.027974193548387098
cost_comparison,CDASCALER,10000,300.0,300,211,149,0.6536800000000094,49.666666666666664,31.848341232227487,37.004444832639436,9.641666666666667,2227.0,1.0,0.03129868421052631
cost_comparison,CDASCALER,10001,300.0,300,211,155,0.7452000000000127,51.666666666666664,30.436018957345972,16.502648244777127,10.308333333333334,2380.0,1.0,0.02558445945945946
cost_comparison,CDASCALER,10002,300.0,300,214,124,0.6405333333333465,41.333333333333336,34.10747663551402,99.77813037865748,9.279166666666667,2150.0,58.0,0.022153548387096777
cost_comparison,CEDULE,10000,300.0,300,278,278,0.6788800000000029,92.66666666666667,11.377697841726619,58.404686795853976,1.775,0.0,423.0,0.045295394736842104
cost_comparison,CEDULE,10001,300.0,300,280,280,0.7344000000000046,93.33333333333333,12.535714285714286,0.0,1.9125,0.0,459.0,0.026619594594594596
cost_comparison,CEDULE,10002,300.0,300,289,289,0.7149866666666707,96.33333333333333,11.588235294117647,48.39432412247946,1.8666666666666667,0.0,446.0,0.034176129032258064
cost_comparison,CEMA,10000,300.0,300,202,107,0.5761800000000086,35.666666666666664,40.039603960396036,99.73165094907941,8.65,2012.0,59.0,0.014844736842105265
cost_comparison,CEMA,10001,300.0,300,203,105,0.6508666666666792,35.0,38.330049261083744,99.77433737246642,9.0375,2090.0,78.0,0.010385135135135134
cost_comparison,CEMA,10002,300.0,300,211,94,0.6079800000000108,31.333333333333332,44.00473933649289,99.77150928503178,8.7875,2045.0,61.0,0.011347096774193547
cost_comparison,EDF,10000,300.0,300,271,256,0.8218200000000105,85.33333333333333,5.594095940959409,98.01699341207035,5.479166666666667,958.0,272.0,0.25269342105263154
cost_comparison,EDF,10001,300.0,300,276,263,0.921280000000018,87.66666666666667,7.061594202898551,99.75978336827393,6.754166666666666,1246.0,295.0,0.0052581081081081085
cost_comparison,EDF,10002,300.0,300,285,269,0.8975533333333484,89.66666666666667,5.926315789473684,95.87989141031602,6.229166666666667,1104.0,302.0,0.0101
cost_comparison,HPA,10000,300.0,300,215,151,0.6551466666666761,50.333333333333336,32.11162790697674,99.72375272463067,9.583333333333334,2219.0,3.0,0.027146710526315787
cost_comparison,HPA,10001,300.0,300,209,150,0.7349733333333455,50.0,30.784688995215312,93.91613879701777,10.083333333333334,2333.0,1.0,0.006377702702702702
cost_comparison,HPA,10002,300.0,300,216,116,0.6352400000000126,38.666666666666664,37.379629629629626,99.77665881588565,9.183333333333334,2127.0,60.0,0.017119354838709678
credit_regeneration_sensitivity,BADP,10000,0.75,250,230,230,0.5906666666666671,92.0,2.9956521739130433,72.61288969663079,1.5541666666666667,1.0,367.0,0.0016477611940298508
credit_regeneration_sensitivity,BADP,10001,0.75,250,233,233,0.6429066666666686,93.2,4.742489270386266,73.33867093674941,1.6916666666666667,1.0,399.0,0.004371851851851852
credit_regeneration_sensitivity,BADP,10002,0.75,250,243,243,0.6292000000000015,97.2,3.45679012345679,60.63777824296978,1.6583333333333334,3.0,390.0,0.008384782608695652
credit_regeneration_sensitivity,BADP_PLUS,10000,0.75,250,230,230,0.5892800000000004,92.0,2.973913043478261,72.57454850902981,1.5458333333333334,0.0,367.0,0.009379850746268657
credit_regeneration_sensitivity,BADP_PLUS,10001,0.75,250,233,233,0.6415200000000019,93.2,4.746781115879829,73.31353415358508,1.6833333333333333,0.0,399.0,0.012825925925925926
credit_regeneration_sensitivity,BADP_PLUS,10002,0.75,250,243,243,0.6273333333333349,97.2,3.493827160493827,60.49996498844619,1.6416666666666666,0.0,391.0,0.03545797101449275
credit_regeneration_sensitivity,CEDULE,10000,0.75,250,230,230,0.5654933333333331,92.0,12.447826086956521,24.225431094910977,1.475,0.0,353.0,0.004855223880597014
credit_regeneration_sensitivity,CEDULE,10001,0.75,250,233,233,0.643200000000002,93.2,13.017167381974248,0.0,1.675,0.0,402.0,0.0025711111111111113
credit_regeneration_sensitivity,CEDULE,10002,0.75,250,243,243,0.6224000000000014,97.2,10.995884773662551,0.0,1.6208333333333333,0.0,389.0,0.004968840579710145
credit_regeneration_sensitivity,BADP,10000,1.5,250,230,230,0.5906666666666671,92.0,2.9956521739130433,72.49930342713847,1.5541666666666667,1.0,367.0,0.004722388059701493
credit_regeneration_sensitivity,BADP,10001,1.5,250,233,233,0.6429066666666686,93.2,4.742489270386266,73.20875199549255,1.6916666666666667,1.0,399.0,0.004597777777777778
credit_regeneration_sensitivity,BADP,10002,1.5,250,243,243,0.6292000000000015,97.2,3.45679012345679,60.66916562543384,1.6583333333333334,3.0,390.0,0.004447101449275363
credit_regeneration_sensitivity,BADP_PLUS,10000,1.5,250,230,230,0.5892800000000004,92.0,2.973913043478261,72.42246437552389,1.5458333333333334,0.0,367.0,0.023005223880597014
credit_regeneration_sensitivity,BADP_PLUS,10001,1.5,250,233,233,0.6415200000000019,93.2,4.746781115879829,73.15834038950044,1.6833333333333333,0.0,399.0,0.025966666666666666
credit_regeneration_sensitivity,BADP_PLUS,10002,1.5,250,243,243,0.6273333333333349,97.2,3.493827160493827,60.39424017894589,1.6416666666666666,0.0,391.0,0.022228985507246377
credit_regeneration_sensitivity,CEDULE,10000,1.5,250,230,230,0.5654933333333331,92.0,12.447826086956521,24.208461753992715,1.475,0.0,353.0,0.01170223880597015
credit_regeneration_sensitivity,CEDULE,10001,1.5,250,233,233,0.643200000000002,93.2,13.017167381974248,0.0,1.675,0.0,402.0,0.00796962962962963
credit_regeneration_sensitivity,CEDULE,10002,1.5,250,243,243,0.6224000000000014,97.2,10.995884773662551,0.0,1.6208333333333333,0.0,389.0,0.00553695652173913
credit_utilization,BADP,10000,0.8,250,231,231,0.5531733333333327,92.4,2.601731601731602,72.54938501677226,1.4541666666666666,1.0,344.0,0.006764179104477612
credit_utilization,BADP,10001,0.8,250,234,234,0.6018666666666674,93.6,3.893162393162393,72.57493948985291,1.5833333333333333,1.0,374.0,0.006330370370370371
credit_utilization,BADP,10002,0.8,250,244,244,0.5927466666666672,97.6,2.8934426229508197,72.65131823245451,1.5666666666666667,4.0,367.0,0.004153623188405797
credit_utilization,BADP_PLUS,10000,0.8,250,231,231,0.5524799999999993,92.4,2.6147186147186146,72.52378287632904,1.45,0.0,344.0,0.026979104477611943
credit_utilization,BADP_PLUS,10001,0.8,250,234,234,0.6011733333333341,93.6,3.9188034188034186,77.81447012909035,1.5791666666666666,0.0,374.0,0.01994074074074074
credit_utilization,BADP_PLUS,10002,0.8,250,244,244,0.5892800000000004,97.6,2.9262295081967213,72.52378287632904,1.5458333333333334,0.0,367.0,0.05000072463768116
credit_utilization,CEDULE,10000,0.8,250,231,231,0.5174933333333317,92.4,12.051948051948052,24.219772005232667,1.35,0.0,323.0,0.008873880597014926
credit_utilization,CEDULE,10001,0.8,250,234,234,0.5933866666666672,93.6,13.32905982905983,48.39432412247946,1.55,0.0,370.0,0.006004444444444444
credit_utilization,CEDULE,10002,0.8,250,244,244,0.5789866666666668,97.6,10.651639344262295,48.39432412247946,1.5125,0.0,361.0,0.006415942028985507
credit_utilization,BADP,10000,1.3,250,230,230,0.6370666666666684,92.0,3.4608695652173913,72.57493948985291,1.675,1.0,396.0,0.008807462686567163
credit_utilization,BADP,10001,1.3,250,232,232,0.7487200000000049,92.8,3.935344827586207,60.53832541678308,1.9625,1.0,466.0,0.02779851851851852
credit_utilization,BADP,10002,1.3,250,241,241,0.6810933333333363,96.4,4.4979253112033195,60.68479168599796,1.7958333333333334,3.0,422.0,0.01097536231884058
credit_utilization,BADP_PLUS,10000,1.3,250,230,230,0.6372800000000017,92.0,3.5043478260869567,72.52378287632904,1.6708333333333334,0.0,397.0,0.0337365671641791
credit_utilization,BADP_PLUS,10001,1.3,250,232,232,0.7489333333333383,92.8,3.9310344827586206,60.46468228048894,1.9583333333333333,0.0,467.0,0.04111777777777778
credit_utilization,BADP_PLUS,10002,1.3,250,241,241,0.6769333333333363,96.4,4.54356846473029,60.46468228048894,1.7708333333333333,0.0,422.0,0.03420434782608696
credit_utilization,CEDULE,10000,1.3,250,230,230,0.6240000000000014,92.0,12.091304347826087,0.0,1.625,0.0,390.0,0.008101492537313432
credit_utilization,CEDULE,10001,1.3,250,232,232,0.6976000000000036,92.8,12.75,0.0,1.8166666666666667,0.0,436.0,0.00827037037037037
credit_utilization,CEDULE,10002,1.3,250,241,241,0.680000000000003,96.4,11.4149377593361,0.0,1.7708333333333333,0.0,425.0,0.034078985507246376
deadline_satisfaction,AMRP,10000,0.8,250,142,76,0.43112000000000444,30.4,40.83802816901409,74.79162149791622,8.3875,1983.0,1.0,0.014049253731343284
deadline_satisfaction,AMRP,10001,0.8,250,151,90,0.5077333333333384,36.0,38.78145695364238,92.54690613238876,8.625,2017.0,1.0,0.035716296296296295
deadline_satisfaction,AMRP,10002,0.8,250,156,76,0.47012000000000503,30.4,40.30769230769231,84.63371965886726,8.629166666666666,2035.0,1.0,0.0077362318840579715
deadline_satisfaction,BADP,10000,0.8,250,231,231,0.5531733333333327,92.4,2.601731601731602,72.54938501677226,1.4541666666666666,1.0,344.0,0.003637313432835821
deadline_satisfaction,BADP,10001,0.8,250,234,234,0.6018666666666674,93.6,3.893162393162393,72.57493948985291,1.5833333333333333,1.0,374.0,0.016728148148148148
deadline_satisfaction,BADP,10002,0.8,250,244,244,0.5927466666666672,97.6,2.8934426229508197,72.65131823245451,1.5666666666666667,4.0,367.0,0.0065710144927536235
deadline_satisfaction,BADP_PLUS,10000,0.8,250,231,231,0.5524799999999993,92.4,2.6147186147186146,72.52378287632904,1.45,0.0,344.0,0.012119402985074627
deadline_satisfaction,BADP_PLUS,10001,0.8,250,234,234,0.6011733333333341,93.6,3.9188034188034186,77.81447012909035,1.5791666666666666,0.0,374.0,0.04663333333333333
deadline_satisfaction,BADP_PLUS,10002,0.8,250,244,244,0.5892800000000004,97.6,2.9262295081967213,72.52378287632904,1.5458333333333334,0.0,367.0,0.022834057971014492
deadline_satisfaction,CDASCALER,10000,0.8,250,152,87,0.44342666666667097,34.8,36.1578947368421,34.386864793764396,8.241666666666667,1935.0,1.0,0.06136940298507462
deadline_satisfaction,CDASCALER,10001,0.8,250,156,92,0.5198666666666727,36.8,41.243589743589745,16.62607134555562,8.829166666666667,2058.0,1.0,0.04465481481481482
deadline_satisfaction,CDASCALER,10002,0.8,250,165,91,0.49109333333333854,36.4,36.8,42.028504650944285,8.633333333333333,2019.0,1.0,0.015930434782608693
deadline_satisfaction,CEDULE,10000,0.8,250,231,231,0.5174933333333317,92.4,12.051948051948052,24.219772005232667,1.35,0.0,323.0,0.004028358208955224
deadline_satisfaction,CEDULE,10001,0.8,250,234,234,0.5933866666666672,93.6,13.32905982905983,48.39432412247946,1.55,0.0,370.0,0.012901481481481483
deadline_satisfaction,CEDULE,10002,0.8,250,244,244,0.5789866666666668,97.6,10.651639344262295,48.39432412247946,1.5125,0.0,361.0,0.0038507246376811594
deadline_satisfaction,CEMA,10000,0.8,250,147,73,0.40186000000000316,29.2,42.6530612244898,99.74372116863147,7.491666666666666,1772.0,17.0,0.00582910447761194
deadline_satisfaction,CEMA,10001,0.8,250,152,87,0.46218666666667113,34.8,42.453947368421055,99.72026854219949,8.0,1882.0,28.0,0.021603703703703705
deadline_satisfaction,CEMA,10002,0.8,250,162,82,0.4301000000000044,32.8,44.876543209876544,99.74864037292627,7.808333333333334,1849.0,21.0,0.00656376811594203
deadline_satisfaction,EDF,10000,0.8,250,224,214,0.6328600000000045,85.6,5.089285714285714,95.46946382333053,4.283333333333333,743.0,202.0,0.016465671641791045
deadline_satisfaction,EDF,10001,0.8,250,229,217,0.7228200000000069,86.8,6.1965065502183405,99.7398420131498,5.175,937.0,228.0,0.007731111111111111
deadline_satisfaction,EDF,10002,0.8,250,240,232,0.7009666666666722,92.8,5.0875,93.46527923874872,4.7,810.0,232.0,0.012216666666666666
deadline_satisfaction,HPA,10000,0.8,250,152,92,0.44346666666667117,36.8,36.69078947368421,99.70357533746808,8.2,1923.0,2.0,0.01471865671641791
deadline_satisfaction,HPA,10001,0.8,250,151,90,0.5077333333333384,36.0,38.78145695364238,86.35289712869242,8.625,2017.0,1.0,0.00999925925925926
deadline_satisfaction,HPA,10002,0.8,250,164,88,0.4867600000000051,35.2,37.353658536585364,99.70227899313203,8.566666666666666,2014.0,1.0,0.00752463768115942
deadline_satisfaction,AMRP,10000,1.3,250,175,117,0.6395466666666778,46.8,35.542857142857144,99.7262860588366,9.8,2296.0,3.0,0.013367910447761193
deadline_satisfaction,AMRP,10001,1.3,250,173,125,0.70446666666668,50.0,31.167630057803468,99.76179827716959,9.904166666666667,2337.0,14.0,0.006094074074074074
deadline_satisfaction,AMRP,10002,1.3,250,187,129,0.7004400000000118,51.6,29.90909090909091,99.7296656742064,9.941666666666666,2309.0,0.0,0.01051376811594203
deadline_satisfaction,BADP,10000,1.3,250,230,230,0.6370666666666684,92.0,3.4608695652173913,72.57493948985291,1.675,1.0,396.0,0.009061194029850747
deadline_satisfaction,BADP,10001,1.3,250,232,232,0.7487200000000049,92.8,3.935344827586207,60.53832541678308,1.9625,1.0,466.0,0.01536740740740741
deadline_satisfaction,BADP,10002,1.3,250,241,241,0.6810933333333363,96.4,4.4979253112033195,60.68479168599796,1.7958333333333334,3.0,422.0,0.005968840579710145
deadline_satisfaction,BADP_PLUS,10000,1.3,250,230,230,0.6372800000000017,92.0,3.5043478260869567,72.52378287632904,1.6708333333333334,0.0,397.0,0.02407238805970149
deadline_satisfaction,BADP_PLUS,10001,1.3,250,232,232,0.7489333333333383,92.8,3.9310344827586206,60.46468228048894,1.9583333333333333,0.0,467.0,0.029026666666666666
deadline_satisfaction,BADP_PLUS,10002,1.3,250,241,241,0.6769333333333363,96.4,4.54356846473029,60.46468228048894,1.7708333333333333,0.0,422.0,0.011913768115942028
deadline_satisfaction,CDASCALER,10000,1.3,250,175,96,0.621440000000012,38.4,36.55428571428571,99.77620442708333,9.195833333333333,2134.0,53.0,0.03618283582089552
deadline_satisfaction,CDASCALER,10001,1.3,250,176,84,0.6761866666666817,33.6,41.09090909090909,99.78331669905972,9.604166666666666,2234.0,61.0,0.03592296296296296
deadline_satisfaction,CDASCALER,10002,1.3,250,187,130,0.7058133333333451,52.0,29.967914438502675,38.06123853211009,9.995833333333334,2317.0,0.0,0.01569202898550725
deadline_satisfaction,CEDULE,10000,1.3,250,230,230,0.6240000000000014,92.0,12.091304347826087,0.0,1.625,0.0,390.0,0.013116417910447762
deadline_satisfaction,CEDULE,10001,1.3,250,232,232,0.6976000000000036,92.8,12.75,0.0,1.8166666666666667,0.0,436.0,0.011147407407407406
deadline_satisfaction,CEDULE,10002,1.3,250,241,241,0.680000000000003,96.4,11.4149377593361,0.0,1.7708333333333333,0.0,425.0,0.00495
deadline_satisfaction,CEMA,10000,1.3,250,172,90,0.5871266666666767,36.0,40.145348837209305,99.77061988239056,8.775,2053.0,51.0,0.011942537313432837
deadline_satisfaction,CEMA,10001,1.3,250,171,80,0.6534133333333467,32.0,40.36257309941521,99.77759206340647,9.241666666666667,2148.0,68.0,0.014026666666666666
deadline_satisfaction,CEMA,10002,1.3,250,179,94,0.6311133333333456,37.6,39.960893854748605,99.77509098591933,8.975,2088.0,63.0,0.003717391304347826
deadline_satisfaction,EDF,10000,1.3,250,225,211,0.7485266666666733,84.4,5.657777777777778,93.56832263510823,4.7875,820.0,251.0,0.009079850746268657
deadline_satisfaction,EDF,10001,1.3,250,230,216,0.8604933333333442,86.4,7.143478260869565,99.74792997036268,5.8625,1049.0,292.0,0.0072829629629629624
deadline_satisfaction,EDF,10002,1.3,250,237,228,0.8257866666666765,91.2,5.919831223628692,99.74516587384939,5.325,927.0,278.0,0.014663043478260869
deadline_satisfaction,HPA,10000,1.3,250,176,99,0.6122666666666783,39.6,37.96590909090909,99.77571770334929,9.129166666666666,2121.0,49.0,0.007642537313432836
deadline_satisfaction,HPA,10001,1.3,250,172,83,0.6757733333333479,33.2,37.575581395348834,99.78139325366331,9.4375,2193.0,68.0,0.007135555555555556
deadline_satisfaction,HPA,10002,1.3,250,187,129,0.7004400000000118,51.6,29.90909090909091,99.7296656742064,9.941666666666666,2309.0,0.0,0.011477536231884059
prediction_stress,BADP,10000,1.8,700,700,700,2.721866666666628,100.0,6.031428571428571,48.498050905755555,7.1,0.0,1699.0,0.00722319587628866
prediction_stress,BADP,10001,1.8,700,700,700,2.827333333333283,100.0,5.357142857142857,60.5712974647241,7.370833333333334,0.0,1766.0,0.02953297297297297
prediction_stress,BADP,10002,1.8,700,700,700,2.7409333333332926,100.0,6.735714285714286,60.5712974647241,7.145833333333333,0.0,1712.0,0.035537012987012985
prediction_stress,BADP_PLUS,10000,1.8,700,700,700,2.7188799999999613,100.0,6.058571428571429,58.50415512465375,7.0875,0.0,1698.0,0.043438144329896906
prediction_stress,BADP_PLUS,10001,1.8,700,700,700,2.827333333333283,100.0,5.357142857142857,60.5712974647241,7.370833333333334,0.0,1766.0,0.08246756756756757
prediction_stress,BADP_PLUS,10002,1.8,700,700,700,2.7409333333332926,100.0,6.735714285714286,60.5712974647241,7.145833333333333,0.0,1712.0,0.05523831168831169
prediction_stress,BADP,10000,2.6,700,699,699,3.0513333333332584,99.85714285714286,5.200286123032904,60.5712974647241,7.954166666666667,0.0,1906.0,0.01537142857142857
prediction_stress,BADP,10001,2.6,700,697,697,3.010426666666596,99.57142857142857,5.721664275466284,68.24854584064259,7.85,0.0,1880.0,0.0755626582278481
prediction_stress,BADP,10002,2.6,700,699,699,3.0242666666665947,99.85714285714286,8.05865522174535,65.271126216592,7.8875,0.0,1888.0,0.027381203007518798
prediction_stress,BADP_PLUS,10000,2.6,700,699,699,3.0513333333332584,99.85714285714286,5.200286123032904,60.5712974647241,7.954166666666667,0.0,1906.0,0.050986309523809524
prediction_stress,BADP_PLUS,10001,2.6,700,697,697,3.010426666666596,99.57142857142857,5.721664275466284,68.24854584064259,7.85,0.0,1880.0,0.04807594936708861
prediction_stress,BADP_PLUS,10002,2.6,700,699,699,3.021973333333262,99.85714285714286,8.064377682403434,65.26576019777502,7.879166666666666,0.0,1887.0,0.11074962406015038
runtime_scalability,AMRP,10000,100.0,100,44,11,0.19694666666666677,11.0,62.31818181818182,99.6817066732913,5.883333333333334,1404.0,1.0,0.0028887323943661974
runtime_scalability,AMRP,10001,100.0,100,44,17,0.20478666666666667,17.0,58.43181818181818,99.69668002500092,5.891666666666667,1404.0,2.0,0.00407258064516129
runtime_scalability,AMRP,10002,100.0,100,50,15,0.2207333333333333,15.0,57.2,99.68790914350089,6.083333333333333,1451.0,2.0,0.004745714285714285
runtime_scalability,BADP,10000,100.0,100,93,93,0.2529333333333327,93.0,2.043010752688172,60.46468228048894,0.6666666666666666,0.0,157.0,0.004307042253521127
runtime_scalability,BADP,10001,100.0,100,90,90,0.2817333333333325,90.0,2.566666666666667,60.46468228048894,0.7416666666666667,0.0,175.0,0.0035838709677419355
runtime_scalability,BADP,10002,100.0,100,96,96,0.3048266666666657,96.0,2.4479166666666665,60.501538174699355,0.8041666666666667,1.0,189.0,0.005497142857142857
runtime_scalability,BADP_PLUS,10000,100.0,100,93,93,0.2529333333333327,93.0,2.043010752688172,60.46468228048894,0.6666666666666666,0.0,157.0,0.012167605633802817
runtime_scalability,BADP_PLUS,10001,100.0,100,90,90,0.2817333333333325,90.0,2.566666666666667,60.46468228048894,0.7416666666666667,0.0,175.0,0.01826774193548387
runtime_scalability,BADP_PLUS,10002,100.0,100,96,96,0.30573333333333236,96.0,2.4375,60.46468228048894,0.8041666666666667,0.0,190.0,0.05554428571428571
runtime_scalability,CDASCALER,10000,100.0,100,41,9,0.19465333333333334,9.0,63.41463414634146,54.394561201092436,5.85,1397.0,0.0,0.004964788732394366
runtime_scalability,CDASCALER,10001,100.0,100,46,22,0.21016000000000018,22.0,55.91304347826087,99.69839877166045,6.004166666666666,1427.0,2.0,0.01015483870967742
runtime_scalability,CDASCALER,10002,100.0,100,50,16,0.2207333333333333,16.0,55.58,32.66374021050531,6.083333333333333,1451.0,2.0,0.010275714285714286
runtime_scalability,CEDULE,10000,100.0,100,93,93,0.2303999999999995,93.0,2.827956989247312,0.0,0.6,0.0,144.0,0.0022943661971830983
runtime_scalability,CEDULE,10001,100.0,100,90,90,0.25759999999999933,90.0,4.122222222222222,0.0,0.6708333333333333,0.0,161.0,0.004091935483870967
runtime_scalability,CEDULE,10002,100.0,100,96,96,0.27199999999999924,96.0,3.7604166666666665,0.0,0.7083333333333334,0.0,170.0,0.004855714285714285
runtime_scalability,CEMA,10000,100.0,100,41,13,0.1779199999999996,13.0,61.048780487804876,99.68778383287919,5.329166666666667,1275.0,2.0,0.0026619718309859155
runtime_scalability,CEMA,10001,100.0,100,39,15,0.18450666666666612,15.0,50.38461538461539,99.69001277523108,5.354166666666667,1280.0,2.0,0.003861290322580645
runtime_scalability,CEMA,10002,100.0,100,48,18,0.19230666666666607,18.0,54.9375,99.69261149819293,5.379166666666666,1286.0,2.0,0.00951142857142857
runtime_scalability,EDF,10000,100.0,100,89,85,0.26935999999999927,85.0,5.314606741573034,84.87611837577425,1.9375,350.0,65.0,0.0029464788732394367
runtime_scalability,EDF,10001,100.0,100,87,85,0.2969799999999992,85.0,4.896551724137931,84.41581466816382,1.6875,267.0,99.0,0.0029403225806451613
runtime_scalability,EDF,10002,100.0,100,94,92,0.3279666666666654,92.0,5.297872340425532,84.9723609976635,2.0166666666666666,340.0,98.0,0.02855
runtime_scalability,HPA,10000,100.0,100,43,10,0.1960400000000001,10.0,63.74418604651163,99.6725211858743,5.883333333333334,1405.0,0.0,0.002288732394366197
runtime_scalability,HPA,10001,100.0,100,44,17,0.20478666666666667,17.0,58.43181818181818,99.69668002500092,5.891666666666667,1404.0,2.0,0.007375806451612903
runtime_scalability,HPA,10002,100.0,100,50,15,0.2207333333333333,15.0,57.2,75.76890143713406,6.083333333333333,1451.0,2.0,0.02207142857142857
runtime_scalability,AMRP,10000,300.0,300,204,136,0.6384266666666767,45.333333333333336,34.98529411764706,79.92568433536736,9.75,2262.0,1.0,0.010492105263157895
runtime_scalability,AMRP,10001,300.0,300,203,137,0.7166000000000137,45.666666666666664,33.80788177339902,99.70664436001998,10.220833333333333,2374.0,1.0,0.009570945945945947
runtime_scalability,AMRP,10002,300.0,300,224,151,0.7026000000000108,50.333333333333336,32.15625,99.72954548822597,9.904166666666667,2299.0,2.0,0.014163225806451614
runtime_scalability,BADP,10000,300.0,300,278,278,0.6871466666666699,92.66666666666667,3.302158273381295,72.65131823245451,1.8125,1.0,426.0,0.0050414473684210525
runtime_scalability,BADP,10001,300.0,300,280,280,0.7794666666666725,93.33333333333333,3.664285714285714,72.57493948985291,2.0458333333333334,1.0,485.0,0.0023013513513513513
runtime_scalability,BADP,10002,300.0,300,289,289,0.7105866666666706,96.33333333333333,4.411764705882353,60.7212385278576,1.875,3.0,440.0,0.00395483870967742
runtime_scalability,BADP_PLUS,10000,300.0,300,278,278,0.6859733333333365,92.66666666666667,3.327338129496403,77.81447012909035,1.8,0.0,427.0,0.026079605263157897
runtime_scalability,BADP_PLUS,10001,300.0,300,280,280,0.7780800000000058,93.33333333333333,3.6607142857142856,72.52378287632904,2.0375,0.0,485.0,0.023298648648648647
runtime_scalability,BADP_PLUS,10002,300.0,300,289,289,0.7057333333333371,96.33333333333333,4.557093425605537,60.46468228048894,1.8458333333333334,0.0,440.0,0.023695483870967742
runtime_scalability,CDASCALER,10000,300.0,300,211,149,0.6536800000000094,49.666666666666664,31.848341232227487,37.004444832639436,9.641666666666667,2227.0,1.0,0.02992828947368421
runtime_scalability,CDASCALER,10001,300.0,300,211,155,0.7452000000000127,51.666666666666664,30.436018957345972,16.502648244777127,10.308333333333334,2380.0,1.0,0.02764527027027027
runtime_scalability,CDASCALER,10002,300.0,300,214,124,0.6405333333333465,41.333333333333336,34.10747663551402,99.77813037865748,9.279166666666667,2150.0,58.0,0.007970967741935484
runtime_scalability,CEDULE,10000,300.0,300,278,278,0.6788800000000029,92.66666666666667,11.377697841726619,58.404686795853976,1.775,0.0,423.0,0.009559868421052631
runtime_scalability,CEDULE,10001,300.0,300,280,280,0.7344000000000046,93.33333333333333,12.535714285714286,0.0,1.9125,0.0,459.0,0.0025162162162162163
runtime_scalability,CEDULE,10002,300.0,300,289,289,0.7149866666666707,96.33333333333333,11.588235294117647,48.39432412247946,1.8666666666666667,0.0,446.0,0.01965483870967742
runtime_scalability,CEMA,10000,300.0,300,202,107,0.5761800000000086,35.666666666666664,40.039603960396036,99.73165094907941,8.65,2012.0,59.0,0.007233552631578947
runtime_scalability,CEMA,10001,300.0,300,203,105,0.6508666666666792,35.0,38.330049261083744,99.77433737246642,9.0375,2090.0,78.0,0.0030635135135135137
runtime_scalability,CEMA,10002,300.0,300,211,94,0.6079800000000108,31.333333333333332,44.00473933649289,99.77150928503178,8.7875,2045.0,61.0,0.007849677419354838
runtime_scalability,EDF,10000,300.0,300,271,256,0.8218200000000105,85.33333333333333,5.594095940959409,98.01699341207035,5.479166666666667,958.0,272.0,0.008786184210526316
runtime_scalability,EDF,10001,300.0,300,276,263,0.921280000000018,87.66666666666667,7.061594202898551,99.75978336827393,6.754166666666666,1246.0,295.0,0.011652027027027027
runtime_scalability,EDF,10002,300.0,300,285,269,0.8975533333333484,89.66666666666667,5.926315789473684,95.87989141031602,6.229166666666667,1104.0,302.0,0.004901290322580645
runtime_scalability,HPA,10000,300.0,300,215,151,0.6551466666666761,50.333333333333336,32.11162790697674,99.72375272463067,9.583333333333334,2219.0,3.0,0.00815263157894737
runtime_scalability,HPA,10001,300.0,300,209,150,0.7349733333333455,50.0,30.784688995215312,93.91613879701777,10.083333333333334,2333.0,1.0,0.00929662162162162
runtime_scalability,HPA,10002,300.0,300,216,116,0.6352400000000126,38.666666666666664,37.379629629629626,99.77665881588565,9.183333333333334,2127.0,60.0,0.004376129032258065
